Time,Pos,EstPos,EstVel,PosRef,Volt
26.211,0,-3.62072e-06,-0.00126155,-3.8373e-06,-3.1267
26.216,0,-1.04775e-05,-0.00269445,-1.53492e-05,-3.1387
26.221,0,-1.8094e-05,-0.00426369,-3.45357e-05,-3.15155
26.226,0,-2.63952e-05,-0.00596835,-6.13968e-05,-3.16543
26.231,0,-3.5379e-05,-0.00780839,-9.59326e-05,-3.18035
26.236,0,-4.50454e-05,-0.00978382,-0.000138143,-3.19631
26.241,0,-5.53945e-05,-0.0118946,-0.000188028,-3.21331
26.246,0,-6.64261e-05,-0.0141408,-0.000245587,-3.23134
26.251,0,-7.81403e-05,-0.0165224,-0.000310822,-3.25042
26.256,-6.82066e-05,-9.05372e-05,-0.0190394,-0.00038373,-3.27053
26.261,-6.82066e-05,-0.00016858,-0.0205239,-0.000464314,-3.27553
26.266,-6.82066e-05,-0.000179594,-0.0232772,-0.000552572,-3.30446
26.271,-6.82066e-05,-0.000193965,-0.0261994,-0.000648504,-3.32787
26.276,-0.000613859,-0.000209091,-0.0292579,-0.000752111,-3.35215
26.281,-0.000613859,-0.000744611,-0.0231089,-0.000863393,-3.24823
26.286,-0.000613859,-0.000739116,-0.0261629,-0.000982349,-3.32846
26.291,-0.000613859,-0.000755705,-0.0296203,-0.00110898,-3.35728
26.296,-0.00139824,-0.000773547,-0.0332201,-0.00124329,-3.38575
26.301,-0.00139824,-0.00153917,-0.0235251,-0.00138527,-3.22945
26.306,-0.00139824,-0.00152679,-0.0270002,-0.00153492,-3.33741
26.311,-0.00139824,-0.00154585,-0.0309959,-0.00169225,-3.37101
26.316,-0.0020462,-0.00156641,-0.0351372,-0.00185725,-3.40365
26.322,-0.0020462,-0.00220484,-0.0283195,-0.00202993,-3.28382
26.332,-0.0020462,-0.00220068,-0.032405,-0.00221029,-3.38246
26.335,-0.00279647,-0.00222262,-0.036944,-0.00239831,-3.41987
26.338,-0.00279647,-0.00296053,-0.0287805,-0.00259402,-3.27896
26.342,-0.00279647,-0.00295429,-0.0332205,-0.00279739,-3.39083
26.347,-0.00279647,-0.00297817,-0.0381643,-0.00300845,-3.43162
26.351,-0.00279647,-0.00300352,-0.0432533,-0.00322717,-3.47153
26.356,-0.00381957,-0.00302956,-0.048478,-0.00345357,-3.51243
26.361,-0.00381957,-0.00403075,-0.0363201,-0.00368765,-3.31205
26.366,-0.00381957,-0.00401694,-0.0412994,-0.0039294,-3.45605
26.371,-0.00381957,-0.00404394,-0.0469165,-0.00417882,-3.50276
26.376,-0.00470626,-0.00407269,-0.0526824,-0.00443592,-3.54788
26.381,-0.00470626,-0.00494668,-0.0434018,-0.0047007,-3.38397
26.386,-0.00470626,-0.00494109,-0.0489914,-0.00497314,-3.51866
26.391,-0.00470626,-0.00497097,-0.0551519,-0.00525327,-3.56916
26.396,-0.00596808,-0.00500245,-0.0614594,-0.00554106,-3.61844
26.401,-0.00596808,-0.00623647,-0.0462971,-0.00583654,-3.36984
26.406,-0.00596808,-0.0062185,-0.052239,-0.00613968,-3.54572
26.411,-0.00596808,-0.00625071,-0.058936,-0.00645051,-3.60137
26.416,-0.00733221,-0.00628491,-0.0657848,-0.006769,-3.65482
26.421,-0.00733221,-0.00761911,-0.0494123,-0.00709517,-3.38615
26.426,-0.00733221,-0.00759974,-0.0558442,-0.00742902,-3.5763
26.431,-0.00733221,-0.00763457,-0.0630813,-0.00777054,-3.63637
26.436,-0.00859403,-0.0076715,-0.0704717,-0.00811973,-3.69398
26.441,-0.00859403,-0.00891098,-0.0563924,-0.0084766,-3.4537
26.447,-0.00859403,-0.00889847,-0.0634175,-0.00884115,-3.6379
26.451,-0.00859403,-0.00893613,-0.0711975,-0.00921336,-3.70186
26.456,-0.00992406,-0.0089758,-0.0791295,-0.00959326,-3.76362
26.461,-0.00992406,-0.010283,-0.0644239,-0.00998082,-3.51134
26.466,-0.00992406,-0.0102704,-0.0719561,-0.0103761,-3.70643
26.471,-0.00992406,-0.0103108,-0.0802768,-0.010779,-3.77473
26.476,-0.0113223,-0.0103532,-0.0887502,-0.0111896,-3.84065
26.481,-0.0113223,-0.011728,-0.0734184,-0.0116078,-3.57637
26.486,-0.0113223,-0.0117155,-0.0814577,-0.0120338,-3.78235
26.491,-0.0113223,-0.0117585,-0.090319,-0.0124674,-3.85498
26.496,-0.0129934,-0.0118036,-0.0993339,-0.0129087,-3.92507
26.501,-0.0129934,-0.013441,-0.0798722,-0.0133577,-3.60033
26.506,-0.0129934,-0.0134202,-0.0883154,-0.0138143,-3.83741
26.511,-0.0129934,-0.0134656,-0.0977146,-0.0142786,-3.91491
26.516,-0.0143916,-0.0135135,-0.107271,-0.0147506,-3.98918
26.521,-0.0143916,-0.0148938,-0.0930222,-0.0152303,-3.73321
26.526,-0.0143916,-0.0148867,-0.102145,-0.0157176,-3.9475
26.531,-0.0143916,-0.0149352,-0.112089,-0.0162126,-4.02845
26.536,-0.0159944,-0.0149858,-0.122187,-0.0167153,-4.10685
26.541,-0.0159944,-0.0165637,-0.104976,-0.0172257,-3.80657
26.546,-0.0159944,-0.0165511,-0.114537,-0.0177437,-4.04523
26.551,-0.0159944,-0.0166021,-0.12502,-0.0182694,-4.13087
26.556,-0.0177678,-0.0166554,-0.13566,-0.0188028,-4.21344
26.561,-0.0177678,-0.0183985,-0.116071,-0.0193438,-3.87693
26.566,-0.0177678,-0.0183817,-0.126087,-0.0198926,-4.13658
26.571,-0.0177678,-0.0184352,-0.137109,-0.020449,-4.22683
26.576,-0.0199163,-0.0184912,-0.14829,-0.0210131,-4.31356
26.581,-0.0199163,-0.0205944,-0.12282,-0.0215848,-3.89237
26.586,-0.0199163,-0.0205652,-0.133188,-0.0221643,-4.19322
26.591,-0.0199163,-0.0206211,-0.144747,-0.0227514,-4.28861
26.596,-0.0219284,-0.0206798,-0.15647,-0.0233461,-4.37953
26.601,-0.0219284,-0.0226557,-0.133876,-0.0239486,-3.9948
26.607,-0.0219284,-0.0226348,-0.144855,-0.0245587,-4.28634
26.611,-0.0219284,-0.0226935,-0.156957,-0.0251765,-4.38552
26.616,-0.024418,-0.022755,-0.169221,-0.025802,-4.48059
26.621,-0.024418,-0.0251884,-0.138995,-0.0264352,-3.98694
26.626,-0.024418,-0.025151,-0.150274,-0.027076,-4.32978
26.631,-0.024418,-0.0252119,-0.162911,-0.0277245,-4.43437
26.636,-0.026737,-0.0252762,-0.175717,-0.0283807,-4.53363
26.641,-0.026737,-0.0275499,-0.148951,-0.0290445,-4.08452
26.646,-0.026737,-0.0275221,-0.160858,-0.0297161,-4.41468
26.651,-0.026737,-0.0275859,-0.17404,-0.0303953,-4.52298
26.656,-0.0291242,-0.0276528,-0.187387,-0.0310822,-4.62638
26.661,-0.0291242,-0.0299943,-0.159995,-0.0317767,-4.16528
26.666,-0.0291242,-0.0299664,-0.172409,-0.0324789,-4.50633
26.671,-0.0291242,-0.0300329,-0.186131,-0.0331888,-4.61897
26.676,-0.0319548,-0.0301026,-0.200019,-0.0339064,-4.72653
26.681,-0.0319548,-0.032869,-0.165578,-0.0346317,-4.16458
26.686,-0.0319548,-0.032826,-0.17831,-0.0353646,-4.55356
26.691,-0.0319548,-0.0328948,-0.192567,-0.0361052,-4.67152
26.696,-0.0347854,-0.0329672,-0.206997,-0.0368535,-4.78327
26.701,-0.0347854,-0.0357363,-0.173097,-0.0376094,-4.22548
26.706,-0.0347854,-0.0356961,-0.186371,-0.038373,-4.61862
26.711,-0.0347854,-0.0357676,-0.20117,-0.0391443,-4.74074
26.716,-0.0378888,-0.0358427,-0.216141,-0.0399233,-4.85664
26.721,-0.0378888,-0.0388744,-0.178111,-0.0407099,-4.23839
26.726,-0.0378888,-0.0388259,-0.191789,-0.0415043,-4.66263
26.731,-0.0378888,-0.0388998,-0.207126,-0.0423063,-4.78962
26.736,-0.0409581,-0.0389777,-0.222639,-0.0431159,-4.9097
26.741,-0.0409581,-0.0419796,-0.185734,-0.0439333,-4.30368
26.746,-0.0409581,-0.0419352,-0.19997,-0.0447583,-4.72871
26.751,-0.0409581,-0.0420119,-0.215849,-0.045591,-4.85976
26.756,-0.0441638,-0.0420925,-0.231904,-0.0464314,-4.984
26.761,-0.0441638,-0.0452271,-0.193205,-0.0472794,-4.34983
26.767,-0.0441638,-0.04518,-0.207914,-0.0481351,-4.79248
26.771,-0.0441638,-0.0452592,-0.224333,-0.0489985,-4.92805
26.776,-0.0477446,-0.0453425,-0.240929,-0.0498696,-5.05645
26.781,-0.0477446,-0.0488372,-0.196348,-0.0507483,-4.33759
26.786,-0.0477446,-0.0487777,-0.21141,-0.0516347,-4.82145
26.791,-0.0477446,-0.0488593,-0.228365,-0.0525288,-4.96216
26.796,-0.0512573,-0.0489453,-0.245502,-0.0534306,-5.09475
26.801,-0.0512573,-0.0523777,-0.202631,-0.05434,-4.3962
26.806,-0.0512573,-0.0523236,-0.218268,-0.0552572,-4.87747
26.811,-0.0512573,-0.052408,-0.235766,-0.0561819,-5.02216
26.816,-0.0546676,-0.0524968,-0.253445,-0.0571144,-5.1589
26.821,-0.0546676,-0.0558345,-0.212867,-0.0580545,-4.48873
26.826,-0.0546676,-0.0557873,-0.229098,-0.0590024,-4.96406
26.832,-0.0546676,-0.0558745,-0.247138,-0.0599579,-5.11264
26.836,-0.0580438,-0.055966,-0.265359,-0.060921,-5.25352
26.841,-0.0580438,-0.059274,-0.225907,-0.0618919,-4.59559
26.846,-0.0580438,-0.0592309,-0.242696,-0.0628704,-5.07171
26.851,-0.0580438,-0.0593209,-0.261278,-0.0638566,-5.22435
26.856,-0.0616247,-0.0594151,-0.28004,-0.0648504,-5.36939
26.861,-0.0616247,-0.0629207,-0.237626,-0.0658519,-4.66716
26.866,-0.0616247,-0.0628721,-0.254854,-0.0668612,-5.16763
26.871,-0.0616247,-0.0629646,-0.273975,-0.067878,-5.32497
26.876,-0.0652396,-0.0630615,-0.293278,-0.0689026,-5.47418
26.881,-0.0652396,-0.0666023,-0.250822,-0.0699348,-4.76803
26.886,-0.0652396,-0.066555,-0.268574,-0.0709747,-5.27603
26.891,-0.0652396,-0.0666502,-0.288236,-0.0720223,-5.43761
26.896,-0.0689569,-0.0667499,-0.308081,-0.0730776,-5.59098
26.901,-0.0689569,-0.0703909,-0.264414,-0.0741405,-4.86475
26.906,-0.0689569,-0.0703422,-0.282656,-0.0752111,-5.38701
26.911,-0.0689569,-0.0704401,-0.302859,-0.0762894,-5.55302
26.916,-0.0731857,-0.0705425,-0.323245,-0.0773754,-5.71055
26.921,-0.0731857,-0.0746734,-0.271361,-0.078469,-4.86732
26.926,-0.0731857,-0.0746068,-0.289886,-0.0795703,-5.44425
26.931,-0.0731857,-0.0747069,-0.310623,-0.0806793,-5.61577
26.936,-0.0771076,-0.074812,-0.331551,-0.0817959,-5.77749
26.941,-0.0771076,-0.0786533,-0.285464,-0.0829203,-5.01111
26.946,-0.0771076,-0.0786019,-0.304685,-0.0840523,-5.56189
26.951,-0.0771076,-0.0787049,-0.325968,-0.085192,-5.73675
26.956,-0.0814046,-0.0788128,-0.347438,-0.0863393,-5.90261
26.961,-0.0814046,-0.0830141,-0.295469,-0.0874943,-5.05154
26.966,-0.0814046,-0.0829503,-0.315043,-0.088657,-5.64352
26.971,-0.0814046,-0.0830557,-0.336862,-0.0898274,-5.82352
26.976,-0.085838,-0.0831663,-0.358873,-0.0910055,-5.99356
26.981,-0.085838,-0.0875003,-0.30511,-0.0921912,-5.11434
26.986,-0.085838,-0.0874337,-0.325156,-0.0933846,-5.72395
26.991,-0.085838,-0.0875417,-0.347516,-0.0945857,-5.90847
26.996,-0.0909194,-0.087655,-0.370068,-0.0957944,-6.08267
27.001,-0.0909194,-0.0926089,-0.305752,-0.0970108,-5.05415
27.006,-0.0909194,-0.0925189,-0.326013,-0.0982349,-5.73189
27.011,-0.0909194,-0.0926289,-0.348905,-0.0994667,-5.92227
27.016,-0.0959326,-0.0927449,-0.371999,-0.100706,-6.10068
27.021,-0.0959326,-0.0976366,-0.309392,-0.101953,-5.09246
27.026,-0.0959326,-0.0975521,-0.330229,-0.103208,-5.76763
27.031,-0.0959326,-0.0976649,-0.353663,-0.104471,-5.96199
27.036,-0.101287,-0.0977837,-0.377299,-0.105741,-6.14455
27.041,-0.101287,-0.103003,-0.309394,-0.107019,-5.05972
27.047,-0.101287,-0.102907,-0.3306,-0.108304,-5.77272
27.051,-0.101287,-0.103023,-0.354572,-0.109597,-5.97213
27.056,-0.106129,-0.103144,-0.378749,-0.110898,-6.15887
27.061,-0.106129,-0.107879,-0.320144,-0.112207,-5.19935
27.066,-0.106129,-0.107807,-0.342151,-0.113523,-5.86599
27.071,-0.106129,-0.107925,-0.36667,-0.114847,-6.06821
27.076,-0.110802,-0.108049,-0.391389,-0.116178,-6.25907
27.081,-0.110802,-0.112624,-0.336246,-0.117517,-5.34409
27.086,-0.110802,-0.112562,-0.35888,-0.118864,-5.99805
27.091,-0.110802,-0.112683,-0.383943,-0.120219,-6.20398
27.096,-0.115781,-0.11281,-0.409203,-0.121581,-6.39898
27.101,-0.115781,-0.11768,-0.349347,-0.122951,-5.41547
27.106,-0.115781,-0.117608,-0.372367,-0.124329,-6.10389
27.111,-0.115781,-0.117732,-0.397968,-0.125714,-6.31479
27.116,-0.120862,-0.117861,-0.42377,-0.127107,-6.51397
27.121,-0.120862,-0.122832,-0.362703,-0.128507,-5.51038
27.127,-0.120862,-0.122758,-0.386213,-0.129916,-6.21306
27.131,-0.120862,-0.122884,-0.412354,-0.131332,-6.42838
27.136,-0.126285,-0.123017,-0.438697,-0.132755,-6.63172
27.141,-0.126285,-0.128315,-0.372332,-0.134187,-5.55152
27.146,-0.126285,-0.12823,-0.396212,-0.135626,-6.29204
27.151,-0.126285,-0.128359,-0.422891,-0.137072,-6.51241
27.156,-0.131877,-0.128494,-0.449775,-0.138527,-6.71993
27.161,-0.131877,-0.133957,-0.381032,-0.139989,-5.60351
27.166,-0.131877,-0.133868,-0.405367,-0.141458,-6.36501
27.171,-0.131877,-0.134,-0.432585,-0.142936,-6.58999
27.176,-0.137846,-0.134137,-0.460011,-0.144421,-6.80168
27.181,-0.137846,-0.13996,-0.385386,-0.145913,-5.60056
27.186,-0.137846,-0.139859,-0.410074,-0.147414,-6.40327
27.191,-0.137846,-0.139993,-0.437828,-0.148922,-6.63339
27.196,-0.14337,-0.140133,-0.465795,-0.150438,-6.84927
27.201,-0.14337,-0.145537,-0.399303,-0.151961,-5.75731
27.206,-0.14337,-0.145456,-0.424756,-0.153492,-6.52039
27.211,-0.14337,-0.145593,-0.453057,-0.155031,-6.7535
27.216,-0.147326,-0.145736,-0.481567,-0.156577,-6.9735
27.221,-0.147326,-0.149649,-0.442477,-0.158131,-6.25724
27.226,-0.147326,-0.149634,-0.469263,-0.159693,-6.86957
27.231,-0.147326,-0.149775,-0.498127,-0.161263,-7.10271
27.236,-0.151453,-0.149921,-0.527178,-0.16284,-7.32675
27.241,-0.151453,-0.153998,-0.48571,-0.164425,-6.57426
27.246,-0.151453,-0.15398,-0.512952,-0.166017,-7.20758
27.251,-0.151453,-0.154124,-0.542355,-0.167617,-7.44533
27.256,-0.157728,-0.154272,-0.571948,-0.169225,-7.67354
27.261,-0.157728,-0.160399,-0.494234,-0.170841,-6.41635
27.266,-0.157728,-0.160296,-0.520933,-0.172464,-7.26599
27.271,-0.157728,-0.16044,-0.550849,-0.174095,-7.51354
27.276,-0.164514,-0.160592,-0.580982,-0.175733,-7.74607
27.281,-0.164514,-0.167208,-0.495051,-0.177379,-6.37188
27.286,-0.164514,-0.167087,-0.522033,-0.179033,-7.27619
27.291,-0.164514,-0.167234,-0.552484,-0.180695,-7.52925
27.296,-0.172119,-0.167388,-0.583159,-0.182364,-7.76596
27.301,-0.172119,-0.174787,-0.483755,-0.184041,-6.20209
27.306,-0.172119,-0.174636,-0.510866,-0.185725,-7.19137
27.311,-0.172119,-0.174784,-0.541847,-0.187418,-7.45074
27.316,-0.179759,-0.174941,-0.573063,-0.189118,-7.69167
27.321,-0.179759,-0.182375,-0.473616,-0.190825,-6.12387
27.326,-0.179759,-0.182225,-0.501252,-0.19254,-7.12069
27.331,-0.179759,-0.182376,-0.532774,-0.194263,-7.3843
27.336,-0.187125,-0.182536,-0.564532,-0.195994,-7.62938
27.341,-0.187125,-0.189713,-0.470298,-0.197732,-6.13036
27.346,-0.187125,-0.189577,-0.498613,-0.199478,-7.10439
27.351,-0.187125,-0.189731,-0.53068,-0.201232,-7.37144
27.356,-0.194457,-0.189893,-0.562979,-0.202993,-7.62066
27.361,-0.194457,-0.19704,-0.469871,-0.204762,-6.13387
27.366,-0.194457,-0.196909,-0.498745,-0.206539,-7.10869
27.371,-0.194457,-0.197065,-0.531354,-0.208323,-7.37981
27.376,-0.200425,-0.19723,-0.564195,-0.210115,-7.63318
27.381,-0.200425,-0.203081,-0.494986,-0.211915,-6.47363
27.386,-0.200425,-0.203007,-0.525089,-0.213722,-7.3179
27.391,-0.200425,-0.203168,-0.558258,-0.215537,-7.58958
27.396,-0.206871,-0.203336,-0.591641,-0.21736,-7.84702
27.401,-0.206871,-0.209644,-0.514798,-0.219191,-6.57854
27.406,-0.206871,-0.209553,-0.545202,-0.221029,-7.47411
27.411,-0.206871,-0.209716,-0.578907,-0.222874,-7.75121
27.416,-0.213487,-0.209887,-0.612831,-0.224728,-8.01284
27.421,-0.213487,-0.21636,-0.53361,-0.226589,-6.70813
27.426,-0.213487,-0.216265,-0.564469,-0.228458,-7.6247
27.431,-0.213487,-0.216431,-0.598713,-0.230334,-7.9064
27.437,-0.220853,-0.216604,-0.633179,-0.232218,-8.17219
27.449,-0.220853,-0.223795,-0.541653,-0.23411,-6.69395
27.453,-0.220853,-0.223673,-0.572675,-0.236009,-7.68876
27.455,-0.228799,-0.22384,-0.60745,-0.237917,-7.97659
27.457,-0.228799,-0.231585,-0.506401,-0.239831,-6.36466
27.462,-0.228799,-0.231441,-0.537537,-0.241754,-7.41985
27.466,-0.228799,-0.23161,-0.572711,-0.243684,-7.71232
27.471,-0.228799,-0.231788,-0.608124,-0.245622,-7.98548
27.476,-0.236336,-0.231967,-0.643675,-0.247567,-8.25914
27.481,-0.236336,-0.239325,-0.550312,-0.249521,-6.74882
27.486,-0.236336,-0.239202,-0.582332,-0.251481,-7.76878
27.491,-0.236336,-0.239375,-0.618188,-0.25345,-8.06537
27.496,-0.243668,-0.239556,-0.654278,-0.255426,-8.3437
27.501,-0.243668,-0.246722,-0.56496,-0.25741,-6.886
27.506,-0.243668,-0.24661,-0.597625,-0.259402,-7.88991
27.511,-0.243668,-0.246786,-0.634025,-0.261401,-8.19012
27.516,-0.251887,-0.24697,-0.670656,-0.263408,-8.47259
27.521,-0.251887,-0.254983,-0.566698,-0.265422,-6.80905
27.526,-0.251887,-0.254838,-0.599457,-0.267445,-7.90467
27.531,-0.251887,-0.255016,-0.636387,-0.269475,-8.21137
27.536,-0.259935,-0.255202,-0.67356,-0.271512,-8.49806
27.541,-0.259935,-0.263056,-0.573063,-0.273557,-6.87906
27.546,-0.259935,-0.26292,-0.606449,-0.27561,-7.96201
27.551,-0.259935,-0.263101,-0.643923,-0.277671,-8.27241
27.556,-0.267609,-0.26329,-0.681637,-0.279739,-8.56324
27.561,-0.267609,-0.270789,-0.588105,-0.281815,-7.03725
27.566,-0.267609,-0.270671,-0.622222,-0.283899,-8.0873
27.571,-0.267609,-0.270855,-0.660242,-0.28599,-8.40088
27.576,-0.275896,-0.271047,-0.698498,-0.288089,-8.69584
27.581,-0.275896,-0.279134,-0.594997,-0.290196,-7.02862
27.586,-0.275896,-0.278994,-0.629346,-0.29231,-8.14344
27.591,-0.275896,-0.27918,-0.667899,-0.294432,-8.46279
27.596,-0.283978,-0.279375,-0.706697,-0.296562,-8.76195
27.601,-0.283978,-0.287269,-0.60724,-0.298699,-7.14735
27.606,-0.283978,-0.28714,-0.642234,-0.300845,-8.24613
27.611,-0.283978,-0.287329,-0.681332,-0.302997,-8.56909
27.616,-0.292436,-0.287526,-0.720671,-0.305158,-8.87239
27.621,-0.292436,-0.295781,-0.615333,-0.307326,-7.1731
27.626,-0.292436,-0.295639,-0.650679,-0.309501,-8.31308
27.631,-0.292436,-0.29583,-0.690313,-0.311685,-8.64118
27.636,-0.300791,-0.296031,-0.730194,-0.313876,-8.94867
27.641,-0.300791,-0.30419,-0.627149,-0.316075,-7.27776
27.647,-0.300791,-0.304056,-0.663088,-0.318281,-8.41179
27.651,-0.300791,-0.30425,-0.703265,-0.320495,-8.74379
27.656,-0.309624,-0.304453,-0.743687,-0.322717,-9.05542
27.661,-0.309624,-0.31307,-0.633009,-0.324947,-7.27559
27.666,-0.309624,-0.312919,-0.669249,-0.327184,-8.46093
27.671,-0.309624,-0.313115,-0.709961,-0.329429,-8.79833
27.676,-0.31832,-0.313321,-0.750925,-0.331681,-9.11416
27.681,-0.31832,-0.321811,-0.643124,-0.333941,-7.37079
27.686,-0.31832,-0.321668,-0.679974,-0.336209,-8.54681
27.691,-0.31832,-0.321867,-0.72123,-0.338485,-8.88802
27.696,-0.327562,-0.322076,-0.762735,-0.340768,-9.20799
27.701,-0.327562,-0.331088,-0.646133,-0.343059,-7.33955
27.706,-0.327562,-0.330926,-0.683249,-0.345357,-8.57361
27.711,-0.327562,-0.331127,-0.725039,-0.347663,-8.9204
27.716,-0.336565,-0.331339,-0.767085,-0.349977,-9.24457
27.721,-0.336565,-0.340126,-0.655112,-0.352299,-7.43682
27.726,-0.336565,-0.339977,-0.69289,-0.354628,-8.65146
27.731,-0.336565,-0.340181,-0.735225,-0.356965,-9.00179
27.736,-0.346319,-0.340395,-0.777813,-0.35931,-9.3301
27.741,-0.346319,-0.3499,-0.653535,-0.361662,-7.34881
27.746,-0.346319,-0.349723,-0.691476,-0.364022,-8.6417
27.751,-0.346319,-0.349929,-0.734343,-0.366389,-8.99815
27.756,-0.355152,-0.350145,-0.777472,-0.368765,-9.33067
27.761,-0.355152,-0.358776,-0.669501,-0.371148,-7.57162
27.766,-0.355152,-0.358639,-0.708449,-0.373538,-8.77773
27.771,-0.355152,-0.358849,-0.751869,-0.375937,-9.13592
27.776,-0.364598,-0.359068,-0.79554,-0.378343,-9.47253
27.781,-0.364598,-0.368286,-0.677601,-0.380756,-7.57225
27.786,-0.364598,-0.368127,-0.71678,-0.383178,-8.84314
27.791,-0.364598,-0.368339,-0.760733,-0.385607,-9.2071
27.796,-0.373158,-0.368561,-0.804945,-0.388043,-9.5479
27.801,-0.373158,-0.376937,-0.70273,-0.390488,-7.86178
27.806,-0.373158,-0.376816,-0.742898,-0.39294,-9.04927
27.811,-0.373158,-0.377032,-0.787405,-0.395399,-9.41505
27.816,-0.382605,-0.377257,-0.832159,-0.397867,-9.75995
27.821,-0.382605,-0.386481,-0.715303,-0.400342,-7.86799
27.826,-0.382605,-0.386327,-0.755565,-0.402825,-9.14719
27.831,-0.382605,-0.386544,-0.800601,-0.405315,-9.51946
27.836,-0.392188,-0.386772,-0.845897,-0.407813,-9.86858
27.841,-0.392188,-0.396128,-0.727246,-0.410319,-7.94846
27.846,-0.392188,-0.395971,-0.767981,-0.412832,-9.24529
27.851,-0.392188,-0.396191,-0.813557,-0.415353,-9.62208
27.856,-0.401771,-0.396422,-0.859394,-0.417882,-9.97536
27.861,-0.401771,-0.405781,-0.741285,-0.420419,-8.0594
27.866,-0.401771,-0.405627,-0.782562,-0.422963,-9.36038
27.871,-0.401771,-0.405849,-0.82868,-0.425515,-9.74133
27.876,-0.411047,-0.406082,-0.875058,-0.428074,-10.0988
27.881,-0.411047,-0.415152,-0.762746,-0.430641,-8.25966
27.886,-0.411047,-0.415013,-0.804719,-0.433216,-9.53449
27.891,-0.411047,-0.415239,-0.851382,-0.435799,-9.91878
27.896,-0.420937,-0.415475,-0.898302,-0.438389,-10.2804
27.901,-0.420937,-0.425131,-0.776021,-0.440987,-8.30001
27.906,-0.420937,-0.42497,-0.818226,-0.443592,-9.63962
27.911,-0.420937,-0.425198,-0.865423,-0.446205,-10.0297
27.916,-0.431236,-0.425437,-0.912884,-0.448826,-10.3955
27.921,-0.431236,-0.435486,-0.784137,-0.451455,-8.32235
27.926,-0.431236,-0.435311,-0.826677,-0.454091,-9.70652
27.931,-0.431236,-0.435541,-0.87441,-0.456735,-10.1018
27.936,-0.442763,-0.435777,-0.920334,-0.459381,-10.4435
27.941,-0.442763,-0.446986,-0.768319,-0.46202,-8.05827
27.947,-0.442763,-0.446749,-0.807691,-0.464651,-9.54233
27.951,-0.442763,-0.446964,-0.852587,-0.467275,-9.91762
27.956,-0.453506,-0.447191,-0.897498,-0.469891,-10.2623
27.961,-0.453506,-0.457649,-0.75834,-0.472499,-8.061
27.966,-0.453506,-0.457441,-0.797565,-0.4751,-9.46363
27.971,-0.453506,-0.457654,-0.84193,-0.477693,-9.8327
27.976,-0.464282,-0.457878,-0.886301,-0.480278,-10.1732
27.981,-0.464282,-0.468366,-0.746017,-0.482855,-7.95963
27.986,-0.464282,-0.468154,-0.784683,-0.485425,-9.36147
27.991,-0.464282,-0.468365,-0.828506,-0.487987,-9.72648
27.996,-0.475298,-0.468586,-0.872335,-0.490542,-10.0628
28.001,-0.475298,-0.479298,-0.727422,-0.493089,-7.78856
28.006,-0.475298,-0.479074,-0.765426,-0.495628,-9.20982
28.012,-0.475298,-0.479281,-0.808705,-0.498159,-9.57129
28.016,-0.486313,-0.4795,-0.851992,-0.500683,-9.90352
28.021,-0.486313,-0.490209,-0.706537,-0.503199,-7.62509
28.026,-0.486313,-0.489982,-0.744,-0.505708,-9.04219
28.033,-0.486313,-0.490187,-0.786737,-0.508208,-9.39951
28.036,-0.496919,-0.490403,-0.829482,-0.510702,-9.72757
28.041,-0.496919,-0.50072,-0.690494,-0.513187,-7.54191
28.046,-0.496919,-0.500507,-0.727622,-0.515665,-8.91445
28.051,-0.496919,-0.500709,-0.769822,-0.518135,-9.26653
28.056,-0.507048,-0.500922,-0.812026,-0.520597,-9.59041
28.061,-0.507048,-0.510781,-0.680671,-0.523052,-7.51367
28.066,-0.507048,-0.510585,-0.717498,-0.525499,-8.8349
28.071,-0.507048,-0.510785,-0.759164,-0.527938,-9.18157
28.076,-0.516972,-0.510995,-0.800826,-0.53037,-9.50126
28.081,-0.516972,-0.520657,-0.672433,-0.532794,-7.46883
28.086,-0.516972,-0.520466,-0.708822,-0.535211,-8.7657
28.091,-0.516972,-0.520664,-0.749949,-0.537619,-9.10767
28.096,-0.527169,-0.520871,-0.79107,-0.54002,-9.42319
28.101,-0.527169,-0.53079,-0.657464,-0.542414,-7.32198
28.106,-0.527169,-0.530586,-0.693174,-0.544799,-8.64164
28.111,-0.527169,-0.53078,-0.733755,-0.547177,-8.98018
28.116,-0.536513,-0.530985,-0.774335,-0.549547,-9.29156
28.121,-0.536513,-0.540089,-0.654785,-0.55191,-7.38812
28.126,-0.536513,-0.539916,-0.690384,-0.554265,-8.61943
28.131,-0.536513,-0.540109,-0.730435,-0.556612,-8.95157
28.136,-0.546062,-0.540311,-0.770473,-0.558952,-9.25874
28.141,-0.546062,-0.549607,-0.646879,-0.561284,-7.30268
28.146,-0.546062,-0.549423,-0.681832,-0.563608,-8.55004
28.151,-0.546062,-0.549613,-0.721339,-0.565925,-8.87856
28.156,-0.555952,-0.549813,-0.760836,-0.568234,-9.18158
28.161,-0.555952,-0.559431,-0.630861,-0.570535,-7.1406
28.166,-0.555952,-0.559231,-0.665101,-0.572828,-8.41747
28.171,-0.555952,-0.559417,-0.704062,-0.575114,-8.74274
28.176,-0.564444,-0.559614,-0.743017,-0.577393,-9.04163
28.181,-0.564444,-0.567898,-0.636441,-0.579663,-7.32764
28.187,-0.564444,-0.567751,-0.670845,-0.581926,-8.4623
28.191,-0.564444,-0.567937,-0.709283,-0.584181,-8.77972
28.196,-0.573345,-0.56813,-0.747697,-0.586429,-9.07436
28.201,-0.573345,-0.576801,-0.633573,-0.588669,-7.25929
28.206,-0.573345,-0.576635,-0.667228,-0.590901,-8.4302
28.211,-0.573345,-0.576818,-0.705119,-0.593125,-8.74455
28.216,-0.582791,-0.577009,-0.742992,-0.595342,-9.03506
28.221,-0.582791,-0.586197,-0.618983,-0.597551,-7.0866
28.226,-0.582791,-0.586006,-0.651822,-0.599753,-8.30723
28.231,-0.582791,-0.586185,-0.689164,-0.601946,-8.61886
28.236,-0.59217,-0.586373,-0.726495,-0.604133,-8.90525
28.241,-0.59217,-0.595494,-0.603112,-0.606311,-6.9688
28.246,-0.59217,-0.595303,-0.635444,-0.608482,-8.17854
28.251,-0.59217,-0.595479,-0.672246,-0.610645,-8.48583
28.256,-0.601241,-0.595665,-0.709035,-0.6128,-8.76806
28.261,-0.601241,-0.60449,-0.590366,-0.614948,-6.90014
28.266,-0.601241,-0.604309,-0.622311,-0.617088,-8.07542
28.271,-0.601241,-0.604483,-0.658575,-0.619221,-8.37774
28.276,-0.610006,-0.604666,-0.694823,-0.621345,-8.6558
28.281,-0.610006,-0.613196,-0.580868,-0.623462,-6.85641
28.286,-0.610006,-0.613025,-0.612426,-0.625572,-7.99723
28.291,-0.610006,-0.613196,-0.648153,-0.627673,-8.29459
28.296,-0.617952,-0.613376,-0.68386,-0.629767,-8.56847
28.301,-0.617952,-0.621124,-0.583378,-0.631854,-6.95877
28.306,-0.617952,-0.620983,-0.614807,-0.633932,-8.01461
28.311,-0.617952,-0.621153,-0.650004,-0.636003,-8.30566
28.316,-0.62733,-0.62133,-0.685169,-0.638067,-8.57532
28.321,-0.62733,-0.63044,-0.55962,-0.640122,-6.62224
28.326,-0.62733,-0.630238,-0.589785,-0.64217,-7.81535
28.331,-0.62733,-0.630403,-0.624421,-0.644211,-8.10602
28.336,-0.635651,-0.630578,-0.659044,-0.646243,-8.37163
28.341,-0.635651,-0.638678,-0.551055,-0.648268,-6.66478
28.346,-0.635651,-0.638516,-0.581213,-0.650286,-7.74934
28.351,-0.635651,-0.63868,-0.615321,-0.652295,-8.03307
28.356,-0.643802,-0.638852,-0.649403,-0.654297,-8.29444
28.361,-0.643802,-0.646786,-0.543793,-0.656291,-6.62382
28.366,-0.643802,-0.646629,-0.573494,-0.658278,-7.68739
28.371,-0.643802,-0.64679,-0.607063,-0.660257,-7.96651
28.376,-0.651816,-0.646959,-0.640604,-0.662228,-8.22372
28.381,-0.651816,-0.654761,-0.536788,-0.664192,-6.58125
28.386,-0.651816,-0.654606,-0.566017,-0.666147,-7.62719
28.391,-0.651816,-0.654765,-0.599046,-0.668096,-7.9018
28.396,-0.659387,-0.654932,-0.632045,-0.670036,-8.15484
28.401,-0.659387,-0.662309,-0.535278,-0.671969,-6.61321
28.406,-0.659387,-0.662169,-0.56419,-0.673894,-7.61122
28.411,-0.659387,-0.662325,-0.596683,-0.675812,-7.88051
28.416,-0.667402,-0.662489,-0.629141,-0.677722,-8.12936
28.421,-0.667402,-0.670286,-0.524241,-0.679624,-6.47858
28.426,-0.667402,-0.670125,-0.552387,-0.681518,-7.51621
28.431,-0.667402,-0.670279,-0.584334,-0.683405,-7.7825
28.436,-0.674563,-0.67044,-0.616249,-0.685284,-8.02723
28.441,-0.674563,-0.677421,-0.525407,-0.687156,-6.57422
28.447,-0.674563,-0.677293,-0.553442,-0.689019,-7.5235
28.451,-0.674563,-0.677444,-0.584858,-0.690876,-7.7834
28.456,-0.682305,-0.677602,-0.616232,-0.692724,-8.02391
28.461,-0.682305,-0.685133,-0.514921,-0.694565,-6.42943
28.466,-0.682305,-0.684979,-0.542122,-0.696398,-7.4318
28.471,-0.682305,-0.685127,-0.572989,-0.698223,-7.68907
28.476,-0.690762,-0.685282,-0.603821,-0.700041,-7.92547
28.481,-0.690762,-0.693493,-0.489706,-0.701851,-6.15721
28.486,-0.690762,-0.693307,-0.516004,-0.703653,-7.22615
28.491,-0.690762,-0.693451,-0.54632,-0.705448,-7.48115
28.496,-0.698231,-0.693604,-0.576611,-0.707235,-7.71344
28.501,-0.698231,-0.70087,-0.478888,-0.709015,-6.17526
28.506,-0.698231,-0.700721,-0.505143,-0.710786,-7.14239
28.511,-0.698231,-0.700863,-0.534931,-0.71255,-7.39062
28.516,-0.705086,-0.701014,-0.56468,-0.714307,-7.61869
28.521,-0.705086,-0.707692,-0.476927,-0.716055,-6.22174
28.526,-0.705086,-0.707565,-0.502951,-0.717796,-7.12409
28.531,-0.705086,-0.707706,-0.532205,-0.71953,-7.36655
28.536,-0.711804,-0.707853,-0.561413,-0.721255,-7.59042
28.541,-0.711804,-0.714399,-0.475454,-0.722973,-6.22162
28.546,-0.711804,-0.714274,-0.501005,-0.724684,-7.10635
28.551,-0.711804,-0.714413,-0.529719,-0.726386,-7.3443
28.556,-0.711804,-0.714557,-0.558386,-0.728081,-7.564
28.562,-0.718045,-0.714701,-0.58692,-0.729768,-7.7822
28.568,-0.718045,-0.720789,-0.508459,-0.731448,-6.52127
28.574,-0.724456,-0.72068,-0.533573,-0.73312,-7.35366
28.577,-0.724456,-0.726922,-0.451838,-0.734784,-6.06668
28.581,-0.724456,-0.726805,-0.476594,-0.736441,-6.91426
28.586,-0.724456,-0.726939,-0.504364,-0.73809,-7.14414
28.591,-0.724456,-0.727079,-0.532084,-0.739731,-7.35655
28.596,-0.731959,-0.727218,-0.55967,-0.741364,-7.56748
28.601,-0.731959,-0.734503,-0.458656,-0.74299,-6.00043
28.606,-0.731959,-0.734339,-0.482186,-0.744608,-6.95014
28.611,-0.731959,-0.734468,-0.509265,-0.746219,-7.17769
28.616,-0.738575,-0.734605,-0.536307,-0.747822,-7.38497
28.621,-0.738575,-0.741042,-0.449934,-0.749417,-6.02378
28.626,-0.738575,-0.740911,-0.47337,-0.751005,-6.88178
28.631,-0.738575,-0.741038,-0.499919,-0.752584,-7.10283
28.636,-0.7456,-0.741172,-0.52642,-0.754156,-7.3059
28.641,-0.7456,-0.747996,-0.432498,-0.755721,-5.84363
28.646,-0.7456,-0.747846,-0.455186,-0.757278,-6.73788
28.651,-0.7456,-0.74797,-0.481189,-0.758827,-6.95586
28.656,-0.75208,-0.748101,-0.507148,-0.760368,-7.1548
28.661,-0.75208,-0.754403,-0.422027,-0.761902,-5.8176
28.666,-0.75208,-0.754272,-0.444449,-0.763428,-6.65381
28.671,-0.75208,-0.754394,-0.469917,-0.764947,-6.8662
28.676,-0.758492,-0.754522,-0.495335,-0.766457,-7.06095
28.681,-0.758492,-0.760757,-0.41084,-0.767961,-5.73574
28.686,-0.758492,-0.760626,-0.432755,-0.769456,-6.56107
28.691,-0.758492,-0.760745,-0.457683,-0.770944,-6.76912
28.696,-0.764596,-0.760871,-0.482559,-0.772424,-6.9597
28.701,-0.764596,-0.76681,-0.402778,-0.773896,-5.70304
28.706,-0.764596,-0.766688,-0.424306,-0.775361,-6.4939
28.711,-0.764596,-0.766805,-0.448696,-0.776818,-6.69698
28.716,-0.770939,-0.766928,-0.473031,-0.778267,-6.88339
28.721,-0.770939,-0.773092,-0.388621,-0.779709,-5.56603
28.726,-0.770939,-0.772958,-0.409487,-0.781143,-6.3763
28.731,-0.770939,-0.773072,-0.433333,-0.782569,-6.57586
28.736,-0.77718,-0.773192,-0.457126,-0.783988,-6.75813
28.741,-0.77718,-0.779256,-0.373927,-0.785399,-5.46084
28.746,-0.77718,-0.779124,-0.394303,-0.786802,-6.25686
28.751,-0.77718,-0.779235,-0.417608,-0.788198,-6.45199
28.756,-0.78366,-0.779353,-0.44086,-0.789586,-6.6301
28.761,-0.78366,-0.785641,-0.353031,-0.790966,-5.27212
28.766,-0.78366,-0.785496,-0.372745,-0.792339,-6.08755
28.771,-0.78366,-0.785605,-0.395506,-0.793704,-6.27915
28.776,-0.789798,-0.785719,-0.418216,-0.795061,-6.45312
28.781,-0.789798,-0.79168,-0.335685,-0.79641,-5.17175
28.786,-0.789798,-0.791546,-0.35503,-0.797752,-5.94935
28.791,-0.789798,-0.791652,-0.377253,-0.799087,-6.1359
28.796,-0.795869,-0.791764,-0.399422,-0.800413,-6.30569
28.801,-0.795869,-0.797657,-0.317517,-0.801732,-5.03632
28.806,-0.795869,-0.797523,-0.336355,-0.803043,-5.80303
28.811,-0.795869,-0.797627,-0.358038,-0.804347,-5.98524
28.816,-0.801291,-0.797736,-0.379665,-0.805643,-6.15087
28.821,-0.801291,-0.803009,-0.308314,-0.806931,-5.03081
28.827,-0.801291,-0.802899,-0.326937,-0.808211,-5.72938
28.831,-0.801291,-0.803,-0.348087,-0.809484,-5.90573
28.836,-0.806441,-0.803107,-0.369172,-0.810749,-6.06715
28.841,-0.806441,-0.808118,-0.301951,-0.812007,-5.00755
28.846,-0.806441,-0.808015,-0.32017,-0.813257,-5.67502
28.851,-0.806441,-0.808114,-0.340782,-0.814499,-5.8465
28.856,-0.811488,-0.808218,-0.361327,-0.815733,-6.00375
28.861,-0.811488,-0.813129,-0.295316,-0.81696,-4.96421
28.866,-0.811488,-0.813028,-0.313045,-0.818179,-5.61743
28.871,-0.811488,-0.813124,-0.333117,-0.819391,-5.78448
28.876,-0.81674,-0.813225,-0.353119,-0.820594,-5.93757
28.881,-0.81674,-0.818328,-0.283063,-0.821791,-4.84542
28.886,-0.81674,-0.818216,-0.300147,-0.822979,-5.51468
28.891,-0.81674,-0.818309,-0.319675,-0.82416,-5.67811
28.896,-0.821924,-0.818408,-0.339136,-0.825333,-5.82706
28.901,-0.821924,-0.823443,-0.269707,-0.826498,-4.74691
28.906,-0.821924,-0.823331,-0.286284,-0.827656,-5.40528
28.911,-0.821924,-0.823422,-0.305271,-0.828806,-5.56438
28.916,-0.827176,-0.823517,-0.324191,-0.829948,-5.70916
28.921,-0.827176,-0.828614,-0.253051,-0.831083,-4.6087
28.926,-0.827176,-0.828497,-0.269052,-0.83221,-5.26965
28.931,-0.827176,-0.828585,-0.287497,-0.833329,-5.42477
28.936,-0.832734,-0.828678,-0.305875,-0.834441,-5.5654
28.941,-0.832734,-0.834065,-0.228939,-0.835545,-4.38809
28.946,-0.832734,-0.833932,-0.244244,-0.836641,-5.0752
28.951,-0.832734,-0.834017,-0.262143,-0.83773,-5.22697
28.956,-0.837611,-0.834107,-0.279979,-0.838811,-5.36347
28.961,-0.837611,-0.838842,-0.21418,-0.839884,-4.34354
28.966,-0.837611,-0.838734,-0.229287,-0.84095,-4.95913
28.971,-0.837611,-0.838817,-0.246654,-0.842008,-5.10496
28.976,-0.841874,-0.838905,-0.263949,-0.843058,-5.23725
28.981,-0.841874,-0.843052,-0.208119,-0.844101,-4.35855
28.986,-0.841874,-0.842966,-0.222995,-0.845136,-4.90937
28.991,-0.841874,-0.843047,-0.239828,-0.846163,-5.04942
28.996,-0.844807,-0.843131,-0.256582,-0.847183,-5.17752
29.001,-0.844807,-0.846009,-0.222984,-0.848194,-4.60966
29.006,-0.844807,-0.845974,-0.237989,-0.849199,-5.02499
29.011,-0.844807,-0.846054,-0.254299,-0.850195,-5.15739
29.016,-0.846001,-0.846136,-0.270511,-0.851184,-5.28123
29.021,-0.846001,-0.847354,-0.266152,-0.852165,-5.12114
29.026,-0.846001,-0.847387,-0.281493,-0.853139,-5.36057
29.031,-0.846001,-0.847465,-0.297285,-0.854105,-5.48423
29.036,-0.846001,-0.847545,-0.312956,-0.855063,-5.6038
29.041,-0.846001,-0.847623,-0.328493,-0.856013,-5.72225
29.046,-0.846001,-0.847701,-0.343895,-0.856956,-5.83965
29.051,-0.846001,-0.847778,-0.359161,-0.857891,-5.95602
29.056,-0.845694,-0.847855,-0.374292,-0.858819,-6.07134
29.061,-0.845694,-0.847639,-0.394542,-0.859739,-6.25832
29.066,-0.845694,-0.847726,-0.409557,-0.860651,-6.34126
29.071,-0.845694,-0.847801,-0.424286,-0.861555,-6.45266
29.076,-0.845148,-0.847875,-0.438875,-0.862452,-6.56381
29.081,-0.845148,-0.847428,-0.462672,-0.863341,-6.80318
29.086,-0.845148,-0.847523,-0.477265,-0.864223,-6.85839
29.091,-0.845148,-0.847595,-0.491456,-0.865096,-6.965
29.096,-0.844261,-0.847666,-0.505504,-0.865963,-7.07198
29.101,-0.844261,-0.846892,-0.534598,-0.866821,-7.38796
29.106,-0.844261,-0.846998,-0.548822,-0.867672,-7.40533
29.111,-0.844261,-0.847068,-0.562476,-0.868515,-7.5069
29.116,-0.843579,-0.847136,-0.575982,-0.86935,-7.60969
29.121,-0.843579,-0.846554,-0.601031,-0.870178,-7.87305
29.126,-0.843579,-0.846649,-0.614611,-0.870998,-7.90648
29.131,-0.843579,-0.846716,-0.62772,-0.87181,-8.00442
29.136,-0.845967,-0.846781,-0.640685,-0.872615,-8.10308
29.141,-0.845967,-0.84912,-0.612639,-0.873412,-7.63535
29.146,-0.845967,-0.849088,-0.624128,-0.874201,-7.96771
29.151,-0.845967,-0.849149,-0.636654,-0.874983,-8.06957
29.156,-0.851662,-0.849212,-0.649076,-0.875757,-8.16429
29.161,-0.851662,-0.854699,-0.563847,-0.876523,-6.90894
29.166,-0.851662,-0.854531,-0.573126,-0.877282,-7.5638
29.171,-0.851662,-0.854586,-0.585067,-0.878033,-7.67021
29.176,-0.858244,-0.854646,-0.596946,-0.878776,-7.761
29.181,-0.858244,-0.860974,-0.495993,-0.879512,-6.29151
29.186,-0.858244,-0.860768,-0.504284,-0.88024,-7.02976
29.191,-0.858244,-0.860819,-0.51567,-0.88096,-7.13435
29.196,-0.864962,-0.860876,-0.527008,-0.881673,-7.22105
29.201,-0.864962,-0.867332,-0.423178,-0.882378,-5.71509
29.206,-0.864962,-0.867117,-0.430858,-0.883075,-6.46266
29.211,-0.864962,-0.867166,-0.441701,-0.883764,-6.56346
29.216,-0.872465,-0.86722,-0.452497,-0.884446,-6.646
29.221,-0.872465,-0.87442,-0.334695,-0.88512,-4.95012
29.226,-0.872465,-0.874171,-0.341438,-0.885787,-5.77099
29.231,-0.872465,-0.874216,-0.351729,-0.886446,-5.86969
29.236,-0.880343,-0.874268,-0.361983,-0.887097,-5.94814
29.241,-0.880343,-0.881822,-0.237216,-0.887741,-4.15926
29.246,-0.880343,-0.881555,-0.243228,-0.888376,-5.01301
29.251,-0.880343,-0.881597,-0.252973,-0.889005,-5.10854
29.256,-0.887232,-0.881646,-0.262685,-0.889625,-5.18286
29.261,-0.887232,-0.888256,-0.154311,-0.890238,-3.62405
29.266,-0.887232,-0.888026,-0.16028,-0.890843,-4.37599
29.271,-0.887232,-0.888066,-0.169497,-0.891441,-4.46477
29.276,-0.893131,-0.888112,-0.178668,-0.89203,-4.53486
29.281,-0.893131,-0.893778,-0.0866862,-0.892613,-3.20613
29.286,-0.893131,-0.893585,-0.0926126,-0.893187,-3.85625
29.291,-0.893131,-0.893623,-0.101301,-0.893754,-3.93826
29.296,-0.897224,-0.893667,-0.109931,-0.894313,-4.00413
29.301,-0.897224,-0.897608,-0.048356,-0.894864,-3.09932
29.306,-0.897224,-0.897485,-0.0546528,-0.895408,-3.5668
29.311,-0.897224,-0.897523,-0.0628239,-0.895944,-3.63991
29.316,-0.900395,-0.897564,-0.0709131,-0.896473,-3.70149
29.321,-0.900395,-0.900625,-0.0245627,-0.896993,-3.0106
29.326,-0.900395,-0.900537,-0.0307825,-0.897506,-3.383
29.331,-0.900395,-0.900573,-0.0384244,-0.898012,-3.44952
29.336,-0.903021,-0.900611,-0.0459724,-0.898509,-3.50689
29.341,-0.903021,-0.90315,-0.00842338,-0.898999,-2.94107
29.346,-0.903021,-0.903081,-0.0143769,-0.899482,-3.25543
29.351,-0.903021,-0.903114,-0.0214846,-0.899957,-3.31636
29.356,-0.90534,-0.90315,-0.0284912,-0.900424,-3.36953
29.361,-0.90534,-0.905394,0.00434393,-0.900883,-2.87225
29.366,-0.90534,-0.905334,-0.00122291,-0.901335,-3.15215
29.371,-0.90534,-0.905365,-0.00779317,-0.901778,-3.20812
29.376,-0.907489,-0.905398,-0.0142584,-0.902215,-3.25711
29.381,-0.907489,-0.907477,0.0161987,-0.902643,-2.79605
29.386,-0.907489,-0.907422,0.0110873,-0.903064,-3.05496
29.391,-0.907489,-0.90745,0.00505635,-0.903478,-3.10632
29.396,-0.909024,-0.90748,-0.000867374,-0.903883,-3.15114
29.401,-0.909024,-0.908972,0.0196204,-0.904281,-2.83132
29.406,-0.909024,-0.908939,0.014741,-0.904672,-3.02545
29.411,-0.909024,-0.908965,0.00924326,-0.905054,-3.07104
29.416,-0.910285,-0.908992,0.00386086,-0.905429,-3.11166
29.421,-0.910285,-0.910221,0.0202188,-0.905796,-2.8523
29.426,-0.910285,-0.910196,0.0157432,-0.906156,-3.01533
29.431,-0.910285,-0.91022,0.0107834,-0.906508,-3.05605
29.436,-0.911377,-0.910245,0.00594241,-0.906852,-3.0925
29.441,-0.911377,-0.911308,0.0199222,-0.907188,-2.86936
29.446,-0.911377,-0.911288,0.0159021,-0.907517,-3.0114
29.451,-0.911377,-0.911309,0.0114816,-0.907839,-3.04751
29.456,-0.912707,-0.911331,0.00718209,-0.908152,-3.07979
29.461,-0.912707,-0.912619,0.0257909,-0.908458,-2.79596
29.466,-0.912707,-0.912586,0.0224329,-0.908756,-2.95742
29.471,-0.912707,-0.912605,0.018557,-0.909047,-2.99
29.476,-0.914003,-0.912624,0.0147992,-0.909329,-3.01814
29.481,-0.914003,-0.913877,0.0333657,-0.909604,-2.73823
29.486,-0.914003,-0.913842,0.0305319,-0.909872,-2.89216
29.491,-0.914003,-0.913858,0.0271972,-0.910132,-2.9205
29.496,-0.915162,-0.913875,0.0239809,-0.910384,-2.94448
29.501,-0.915162,-0.914995,0.0407531,-0.910628,-2.69272
29.506,-0.915162,-0.914963,0.0383921,-0.910865,-2.82903
29.511,-0.915162,-0.914977,0.0355971,-0.911094,-2.85285
29.516,-0.916151,-0.91499,0.0329223,-0.911316,-2.87267
29.521,-0.916151,-0.915945,0.0473164,-0.911529,-2.65713
29.526,-0.916151,-0.915918,0.0454109,-0.911735,-2.77245
29.531,-0.916151,-0.915929,0.0431551,-0.911934,-2.79167
29.536,-0.917174,-0.91594,0.0410218,-0.912125,-2.80731
29.541,-0.917174,-0.916924,0.0565414,-0.912308,-2.57955
29.546,-0.917174,-0.916893,0.0551947,-0.912483,-2.69407
29.551,-0.917174,-0.916901,0.0534809,-0.912651,-2.70923
29.556,-0.918266,-0.916909,0.0518891,-0.912811,-2.72072
29.561,-0.918266,-0.917956,0.0691182,-0.912963,-2.47264
29.566,-0.918266,-0.917919,0.0683474,-0.913108,-2.58975
29.571,-0.918266,-0.917924,0.067176,-0.913245,-2.60092
29.576,-0.91922,-0.91793,0.0661258,-0.913374,-2.60826
29.581,-0.91922,-0.918844,0.0815607,-0.913496,-2.38834
29.586,-0.91922,-0.91881,0.0812626,-0.91361,-2.48782
29.591,-0.91922,-0.918812,0.080631,-0.913716,-2.49448
29.596,-0.919766,-0.918815,0.0801223,-0.913815,-2.49765
29.601,-0.919766,-0.919337,0.0890915,-0.913906,-2.37049
29.606,-0.919766,-0.919317,0.0891285,-0.913989,-2.42541
29.611,-0.919766,-0.919317,0.0890329,-0.914064,-2.42683
29.616,-0.919971,-0.919317,0.0890656,-0.914132,-2.42583
29.621,-0.919971,-0.919511,0.092737,-0.914193,-2.37528
29.627,-0.919971,-0.919502,0.0931435,-0.914245,-2.39236
29.631,-0.919971,-0.9195,0.0935849,-0.91429,-2.38873
29.636,-0.920141,-0.919497,0.094159,-0.914327,-2.38354
29.641,-0.920141,-0.919656,0.0977881,-0.914357,-2.33692
29.646,-0.920141,-0.919645,0.0987189,-0.914379,-2.34647
29.651,-0.920141,-0.919641,0.0997014,-0.914393,-2.3386
29.656,-0.920312,-0.919635,0.100817,-0.9144,-2.32925
29.661,-0.920312,-0.919794,0.10417,-0.9144,-2.28957
29.666,-0.920312,-0.919786,0.104284,-0.9144,-2.30858
29.672,-0.920312,-0.919786,0.104287,-0.9144,-2.30918
29.676,-0.920312,-0.919786,0.104287,-0.9144,-2.3092
29.681,-0.920312,-0.919786,0.104287,-0.9144,-2.3092
29.686,-0.920312,-0.919786,0.104287,-0.9144,-2.3092
29.691,-0.920312,-0.919786,0.104287,-0.9144,-2.3092
29.696,-0.920346,-0.919786,0.104287,-0.9144,-2.3092
29.701,-0.920346,-0.919818,0.104871,-0.9144,-2.30112
29.706,-0.920346,-0.919817,0.104888,-0.9144,-2.30449
29.711,-0.920346,-0.919817,0.104889,-0.9144,-2.30458
29.717,-0.92038,-0.919817,0.104889,-0.9144,-2.30458
29.722,-0.92038,-0.919849,0.105472,-0.9144,-2.2965
29.73,-0.92038,-0.919848,0.10549,-0.9144,-2.29987
29.733,-0.92038,-0.919848,0.10549,-0.9144,-2.29996
29.736,-0.92055,-0.919848,0.10549,-0.9144,-2.29996
29.742,-0.92055,-0.92001,0.10841,-0.9144,-2.25958
29.746,-0.92055,-0.920004,0.108496,-0.9144,-2.27642
29.751,-0.92055,-0.920003,0.108498,-0.9144,-2.27687
29.756,-0.920755,-0.920003,0.108498,-0.9144,-2.27688
29.761,-0.920755,-0.920198,0.112002,-0.9144,-2.22842
29.766,-0.920755,-0.92019,0.112105,-0.9144,-2.24862
29.771,-0.920755,-0.92019,0.112108,-0.9144,-2.24916
29.776,-0.92096,-0.92019,0.112108,-0.9144,-2.24918
29.781,-0.92096,-0.920385,0.115611,-0.9144,-2.20071
29.787,-0.92096,-0.920376,0.115715,-0.9144,-2.22092
29.791,-0.92096,-0.920376,0.115717,-0.9144,-2.22146
29.796,-0.92113,-0.920376,0.115717,-0.9144,-2.22147
29.801,-0.92113,-0.920539,0.118637,-0.9144,-2.18109
29.806,-0.92113,-0.920532,0.118723,-0.9144,-2.19793
29.811,-0.92113,-0.920532,0.118725,-0.9144,-2.19837
29.816,-0.921335,-0.920532,0.118725,-0.9144,-2.19839
29.821,-0.921335,-0.920726,0.122229,-0.9144,-2.14992
29.826,-0.921335,-0.920718,0.122332,-0.9144,-2.17013
29.831,-0.921335,-0.920718,0.122335,-0.9144,-2.17067
29.836,-0.921574,-0.920718,0.122335,-0.9144,-2.17068
29.841,-0.921574,-0.920945,0.126423,-0.9144,-2.11414
29.846,-0.921574,-0.920936,0.126543,-0.9144,-2.13772
29.851,-0.921574,-0.920936,0.126546,-0.9144,-2.13835
29.856,-0.921676,-0.920935,0.126546,-0.9144,-2.13836
29.861,-0.921676,-0.921033,0.128298,-0.9144,-2.11413
29.866,-0.921676,-0.921029,0.12835,-0.9144,-2.12423
29.871,-0.921676,-0.921029,0.128351,-0.9144,-2.1245
29.876,-0.92171,-0.921029,0.128351,-0.9144,-2.12451
29.881,-0.92171,-0.921061,0.128935,-0.9144,-2.11643
29.886,-0.92171,-0.92106,0.128952,-0.9144,-2.1198
29.891,-0.92171,-0.92106,0.128953,-0.9144,-2.11989
29.896,-0.921744,-0.92106,0.128953,-0.9144,-2.11989
29.901,-0.921744,-0.921092,0.129537,-0.9144,-2.11182
29.906,-0.921744,-0.921091,0.129554,-0.9144,-2.11518
29.911,-0.921744,-0.921091,0.129554,-0.9144,-2.11527
29.916,-0.921744,-0.921091,0.129554,-0.9144,-2.11528
29.921,-0.921744,-0.921091,0.129554,-0.9144,-2.11528
29.926,-0.921744,-0.921091,0.129554,-0.9144,-2.11528
29.931,-0.921744,-0.921091,0.129554,-0.9144,-2.11528
29.936,-0.921744,-0.921091,0.129554,-0.9144,-2.11528
29.941,-0.921744,-0.921091,0.129554,-0.9144,-2.11528
29.946,-0.921744,-0.921091,0.129554,-0.9144,-2.11528
29.951,-0.921744,-0.921091,0.129554,-0.9144,-2.11528
29.956,-0.921778,-0.921091,0.129554,-0.9144,-2.11528
29.961,-0.921778,-0.921123,0.130138,-0.9144,-2.1072
29.966,-0.921778,-0.921122,0.130156,-0.9144,-2.11057
29.971,-0.921778,-0.921122,0.130156,-0.9144,-2.11066
29.976,-0.921778,-0.921122,0.130156,-0.9144,-2.11066
29.981,-0.921778,-0.921122,0.130156,-0.9144,-2.11066
29.986,-0.921778,-0.921122,0.130156,-0.9144,-2.11066
29.991,-0.921778,-0.921122,0.130156,-0.9144,-2.11066
29.996,-0.921778,-0.921122,0.130156,-0.9144,-2.11066
30.001,-0.921778,-0.921122,0.130156,-0.9144,-2.11066
30.006,-0.921778,-0.921122,0.130156,-0.9144,-2.11066
30.011,-0.921778,-0.921122,0.130156,-0.9144,-2.11066
30.016,-0.921778,-0.921122,0.130156,-0.9144,-2.11066
30.021,-0.921778,-0.921122,0.130156,-0.9144,-2.11066
30.026,-0.921778,-0.921122,0.130156,-0.9144,-2.11066
30.031,-0.921778,-0.921122,0.130156,-0.9144,-2.11066
30.036,-0.921812,-0.921122,0.130156,-0.9144,-2.11066
30.041,-0.921812,-0.921154,0.13074,-0.9144,-2.10258
30.046,-0.921812,-0.921153,0.130757,-0.9144,-2.10595
30.051,-0.921812,-0.921153,0.130758,-0.9144,-2.10604
30.056,-0.921812,-0.921153,0.130758,-0.9144,-2.10604
30.061,-0.921812,-0.921153,0.130758,-0.9144,-2.10604
30.066,-0.921812,-0.921153,0.130758,-0.9144,-2.10604
30.071,-0.921812,-0.921153,0.130758,-0.9144,-2.10604
30.076,-0.921812,-0.921153,0.130758,-0.9144,-2.10604
30.081,-0.921812,-0.921153,0.130758,-0.9144,-2.10604
30.086,-0.921812,-0.921153,0.130758,-0.9144,-2.10604
30.091,-0.921812,-0.921153,0.130758,-0.9144,-2.10604
30.096,-0.921812,-0.921153,0.130758,-0.9144,-2.10604
30.101,-0.921812,-0.921153,0.130758,-0.9144,-2.10604
30.106,-0.921812,-0.921153,0.130758,-0.9144,-2.10604
30.111,-0.921812,-0.921153,0.130758,-0.9144,-2.10604
30.116,-0.921812,-0.921153,0.130758,-0.9144,-2.10604
30.121,-0.921812,-0.921153,0.130758,-0.9144,-2.10604
30.126,-0.921812,-0.921153,0.130758,-0.9144,-2.10604
30.131,-0.921812,-0.921153,0.130758,-0.9144,-2.10604
30.136,-0.921812,-0.921153,0.130758,-0.9144,-2.10604
30.141,-0.921812,-0.921153,0.130758,-0.9144,-2.10604
30.146,-0.921812,-0.921153,0.130758,-0.9144,-2.10604
30.151,-0.921812,-0.921153,0.130758,-0.9144,-2.10604
30.156,-0.921812,-0.921153,0.130758,-0.9144,-2.10604
30.161,-0.921812,-0.921153,0.130758,-0.9144,-2.10604
30.166,-0.921812,-0.921153,0.130758,-0.9144,-2.10604
30.171,-0.921812,-0.921153,0.130758,-0.9144,-2.10604
30.176,-0.921812,-0.921153,0.130758,-0.9144,-2.10604
30.181,-0.921812,-0.921153,0.130758,-0.9144,-2.10604
30.186,-0.921812,-0.921153,0.130758,-0.9144,-2.10604
30.191,-0.921812,-0.921153,0.130758,-0.9144,-2.10604
30.196,-0.921812,-0.921153,0.130758,-0.9144,-2.10604
30.201,-0.921812,-0.921153,0.130758,-0.9144,-2.10604
30.206,-0.921812,-0.921153,0.130758,-0.9144,-2.10604
30.211,-0.921812,-0.921153,0.130758,-0.9144,-2.10604
30.216,-0.921846,-0.921153,0.130758,-0.9144,-2.10604
30.221,-0.921846,-0.921185,0.131342,-0.9144,-2.09797
30.226,-0.921846,-0.921184,0.131359,-0.9144,-2.10133
30.231,-0.921846,-0.921184,0.131359,-0.9144,-2.10142
30.236,-0.921846,-0.921184,0.131359,-0.9144,-2.10143
30.241,-0.921846,-0.921184,0.131359,-0.9144,-2.10143
30.246,-0.921846,-0.921184,0.131359,-0.9144,-2.10143
30.251,-0.921846,-0.921184,0.131359,-0.9144,-2.10143
30.256,-0.921846,-0.921184,0.131359,-0.9144,-2.10143
30.261,-0.921846,-0.921184,0.131359,-0.9144,-2.10143
30.266,-0.921846,-0.921184,0.131359,-0.9144,-2.10143
30.271,-0.921846,-0.921184,0.131359,-0.9144,-2.10143
30.276,-0.921846,-0.921184,0.131359,-0.9144,-2.10143
30.281,-0.921846,-0.921184,0.131359,-0.9144,-2.10143
30.286,-0.921846,-0.921184,0.131359,-0.9144,-2.10143
30.291,-0.921846,-0.921184,0.131359,-0.9144,-2.10143
30.296,-0.921846,-0.921184,0.131359,-0.9144,-2.10143
30.301,-0.921846,-0.921184,0.131359,-0.9144,-2.10143
30.306,-0.921846,-0.921184,0.131359,-0.9144,-2.10143
30.311,-0.921846,-0.921184,0.131359,-0.9144,-2.10143
30.316,-0.921846,-0.921184,0.131359,-0.9144,-2.10143
30.321,-0.921846,-0.921184,0.131359,-0.9144,-2.10143
30.326,-0.921846,-0.921184,0.131359,-0.9144,-2.10143
30.331,-0.921846,-0.921184,0.131359,-0.9144,-2.10143
30.336,-0.921846,-0.921184,0.131359,-0.9144,-2.10143
30.341,-0.921846,-0.921184,0.131359,-0.9144,-2.10143
30.346,-0.921846,-0.921184,0.131359,-0.9144,-2.10143
30.351,-0.921846,-0.921184,0.131359,-0.9144,-2.10143
30.356,-0.921846,-0.921184,0.131359,-0.9144,-2.10143
30.361,-0.921846,-0.921184,0.131359,-0.9144,-2.10143
30.366,-0.921846,-0.921184,0.131359,-0.9144,-2.10143
30.371,-0.921846,-0.921184,0.131359,-0.9144,-2.10143
30.376,-0.921846,-0.921184,0.131359,-0.9144,-2.10143
30.381,-0.921846,-0.921184,0.131359,-0.9144,-2.10143
30.386,-0.921846,-0.921184,0.131359,-0.9144,-2.10143
30.391,-0.921846,-0.921184,0.131359,-0.9144,-2.10143
30.396,-0.921846,-0.921184,0.131359,-0.9144,-2.10143
30.401,-0.921846,-0.921184,0.131359,-0.9144,-2.10143
30.406,-0.921846,-0.921184,0.131359,-0.9144,-2.10143
30.411,-0.921846,-0.921184,0.131359,-0.9144,-2.10143
30.416,-0.92188,-0.921184,0.131359,-0.9144,-2.10143
30.421,-0.92188,-0.921217,0.131943,-0.9144,-2.09335
30.426,-0.92188,-0.921215,0.13196,-0.9144,-2.09672
30.431,-0.92188,-0.921215,0.131961,-0.9144,-2.09681
30.436,-0.92188,-0.921215,0.131961,-0.9144,-2.09681
30.441,-0.92188,-0.921215,0.131961,-0.9144,-2.09681
30.446,-0.92188,-0.921215,0.131961,-0.9144,-2.09681
30.451,-0.92188,-0.921215,0.131961,-0.9144,-2.09681
30.456,-0.92188,-0.921215,0.131961,-0.9144,-2.09681
30.461,-0.92188,-0.921215,0.131961,-0.9144,-2.09681
30.466,-0.92188,-0.921215,0.131961,-0.9144,-2.09681
30.471,-0.92188,-0.921215,0.131961,-0.9144,-2.09681
30.476,-0.92188,-0.921215,0.131961,-0.9144,-2.09681
30.481,-0.92188,-0.921215,0.131961,-0.9144,-2.09681
30.486,-0.92188,-0.921215,0.131961,-0.9144,-2.09681
30.491,-0.92188,-0.921215,0.131961,-0.9144,-2.09681
30.496,-0.92188,-0.921215,0.131961,-0.9144,-2.09681
30.501,-0.92188,-0.921215,0.131961,-0.9144,-2.09681
30.506,-0.92188,-0.921215,0.131961,-0.9144,-2.09681
30.511,-0.92188,-0.921215,0.131961,-0.9144,-2.09681
30.516,-0.92188,-0.921215,0.131961,-0.9144,-2.09681
30.521,-0.92188,-0.921215,0.131961,-0.9144,-2.09681
30.526,-0.92188,-0.921215,0.131961,-0.9144,-2.09681
30.531,-0.92188,-0.921215,0.131961,-0.9144,-2.09681
30.536,-0.92188,-0.921215,0.131961,-0.9144,-2.09681
30.541,-0.92188,-0.921215,0.131961,-0.9144,-2.09681
30.546,-0.92188,-0.921215,0.131961,-0.9144,-2.09681
30.551,-0.92188,-0.921215,0.131961,-0.9144,-2.09681
30.556,-0.92188,-0.921215,0.131961,-0.9144,-2.09681
30.561,-0.92188,-0.921215,0.131961,-0.9144,-2.09681
30.566,-0.92188,-0.921215,0.131961,-0.9144,-2.09681
30.571,-0.92188,-0.921215,0.131961,-0.9144,-2.09681
30.576,-0.921915,-0.921215,0.131961,-0.9144,-2.09681
30.581,-0.921915,-0.921248,0.132545,-0.9144,-2.08873
30.586,-0.921915,-0.921246,0.132562,-0.9144,-2.0921
30.591,-0.921915,-0.921246,0.132562,-0.9144,-2.09219
30.596,-0.921915,-0.921246,0.132562,-0.9144,-2.09219
30.601,-0.921915,-0.921246,0.132562,-0.9144,-2.09219
30.606,-0.921915,-0.921246,0.132562,-0.9144,-2.09219
30.611,-0.921915,-0.921246,0.132562,-0.9144,-2.09219
30.616,-0.921915,-0.921246,0.132562,-0.9144,-2.09219
30.621,-0.921915,-0.921246,0.132562,-0.9144,-2.09219
